ip, mean, std
4219736,1.645715676728335,1.417306319910561
4219779,8.218298339369182,3.446680668892943
4219784,10.066545959799575,5.1710509441213866
4212768,6.2783742435523555,5.018125999854833
4212771,9.018147266961234,4.4698152064676
4212774,11.984439913645945,5.51017884109448
4212783,15.640773300966318,7.2345010028892585
4212787,1.8778582474755543,0.5866412629703833
4212794,1.0479639049684015,0.4999845457328713
4212804,14.139883430474605,16.17321977452087
4212816,1.9569434668269472,0.56980491570045
4222892,4.017764074174645,3.437583054387632
4222894,1.6224896722287678,1.2006524977047575
4222896,2.5961255266513925,2.337629822188007
4222901,1.38896282758681,1.2100981969177114
4222947,1.4533388480745304,1.3015576495656676
4219776,3.188398250364507,3.120675513373326
4221336,1.046511454034332,0.5685002789552384
4221344,1.5812677563369368,1.6179561647507898
4221366,1.699764530920808,0.5771251473427014
4222888,13.056045976967248,3.843107861158078
4219790,1.2739973138936105,0.7287789446392583
4219796,2.8726480914415635,2.585426388133927
4219832,1.0751854787637825,0.6313781941763063
4214369,4.690940947792044,1.0672879028461686
4214686,1.0177004425110627,0.325406437246316
4212789,7.967455418642352,0.4755513797016745
4212819,15.031861594219416,4.2648321350970235
4221350,8.113660373606432,1.4104047028702156
4222976,12.97876093705899,3.9608769212958674
4222984,5.323878287777204,7.105359185637508
4219703,1.731315626930204,2.128097030689397
4221339,5.67381054436348,2.4882725210452574
4212799,29.028147679078796,36.47824263111437
4219788,3.8661876160097135,3.3834293949650323
4222880,4.054127992183683,3.470554666257956
4219695,2.733488308491727,3.009387943686291
4212778,5.799428227505266,3.1029006511150077
4223052,5.761791046387065,1.9713262947091028
4222992,2.154258198571736,0.48237129458546385
4223049,4.7690099125667444,1.4285012862375006
4223045,3.5810858285590745,2.3184932218307654
4218699,1.0508755865857846,0.5935814984315978
4218709,1.0461340941512125,0.5664011868059683
4218713,4.553893333333333,1.2451728830258237
4219008,5.540949498770569,3.326472859072897
4222941,4.82617754767016,1.3624236422195113
4222944,1.2443928577662193,1.2078294839512005
4219684,5.9332372718539865,3.134797416401409
4223076,1.0344102968216444,0.45278586371502405
4214744,2.0833832059663013,1.7583075488493907
4214010,2.73742146023087,1.366597053382391
4214065,4.192229038854806,3.4864418875804777
4214068,2.519148936170213,2.88552058785315
4214071,2.2824,2.7078128148008926
4214074,1.3296875,0.8323873211094388
4218785,1.0116786447638604,0.28568185557277426
4219180,1.0586707916689686,0.6218536235592672
4219758,3.08311345646438,2.6243306770525425
4212801,8.758544408804335,8.542261753409926
4219826,6.042996305005039,3.0832419754634546
4219829,1.2373579482316686,1.2663201317563917
4218798,14.092503692762186,3.2022730009453313
4219006,5.172228098855659,0.9095310880713362
4222949,6.938352139163141,2.4774211316433985
4218826,1.0199818346957312,0.37346160331727174
4219106,3.974002683240698,3.4480781343964937
4214007,6.760250279784311,1.1751673893349919
4214009,6.741266541601176,1.2187935624639148
4214506,2.9411764705882355,2.8069365389270975
4214523,4.401933701657459,2.548978045899466
4214606,1.215481171548117,1.1164474434548586
4214654,1.3495426095329803,1.4053738368557678
4214678,1.2852065748556196,1.2766740612986651
4212806,6.7079967689822295,2.7156491430530676
4219182,15.735336888027145,3.905046881822521
4219193,12.502924417946492,4.105450443578678
4219197,3.6162415134137498,3.2238744028143684
4219199,1.1041499244591597,0.6564220525780667
4212796,18.461618657215915,8.340832416257658
4226299,2.953488372093023,3.1397932710209724
4226318,1.0316755230820325,0.46981413645368025
4226321,1.0311842593738398,0.4661730983057237
4226325,1.025956311964333,0.4253214152487472
4226329,1.0247976924925888,0.41299548222938626
4228102,1.0269981956258798,0.43347613273108565
4228104,1.0251244352842324,0.412989180727146
4218061,14.224578804047024,6.12337795226348
4218075,1.846902512839325,0.4969457229660875
4218092,1.078404536122788,0.562049879363972
4218095,1.0632785145888595,0.5382613422514764
4218098,1.0220311942397715,0.3644802609264667
4218107,1.092580127375343,0.7571768403609513
4218115,9.520716697647305,3.206692364557204
4218123,5.8565570499261685,2.3556305944122187
4212811,6.66594700686948,2.7493041962349056
4219659,3.4862385321100917,2.78137540690062
4219834,6.529503780307639,2.5784591675421344
4226376,1.0278832551559824,0.44091417551909345
4226658,1.0194748916645424,0.3412771287119427
4228093,12.30802411239424,4.185396016013517
4228110,1.3380134866599342,2.2925068339876185
4228115,11.442856133158992,4.415431646470803
4228119,5.653643727470841,2.3221010732731306
4228276,15.504028344010871,4.58794837794093
4228278,15.419860668885113,4.763054077892507
4228280,15.239168908395866,5.006243219890352
4228281,14.853121090746331,5.45305290868808
4228274,15.719912078871936,4.058318908828544
4222864,6.3801119242359015,2.95127318599628
4228255,2.691095890410959,2.686940033612533
4228258,1.4294072755024168,1.4906782783595545
4226140,6.658333333333333,2.7552853250112337
4226143,2.4192913385826773,2.8143651977493973
4226146,2.5747800586510263,2.4379953717273852
4226157,2.170199501246883,2.2436576634644125
4226160,1.6239967897271268,1.7381431615577367
4226208,1.2452566313924758,0.9257227479346343
4219653,6.722972972972973,2.7034036253270965
4224152,2.721161825726141,2.478171989490848
4224169,2.26991742914528,1.141616529034079
4214720,5.5705632716049385,3.0614900689014797
4214741,2.5009238018476037,1.9397879709246706
4218134,5.891745602165088,1.5482058445750257
4226263,3.0380348652931852,2.5851848917049365
4226270,3.0883575883575882,2.5948713220011226
4226274,1.2073758865248228,1.1013091148767862
4226286,1.035743117222949,0.49252141219059226
4214734,1.5144877082105939,0.7140036240593011
4214737,2.9643950604684393,2.0105465997870176
4226575,3.8661971830985915,2.5735076989610564
4226594,1.3295944779982745,1.3670897366532486
4226653,1.3770491803278688,1.4451109966006044
4221358,9.846832650488496,7.951784277847788
4228240,12.258777771051516,4.2471224966979095
4228123,5.88780487804878,2.331564440974195
4228127,10.508921330089214,5.106422324693204
4228132,2.8560935799782374,2.49149115122649
4228136,1.1456684008142954,0.35277346529820075
4228139,1.829232995658466,2.258397897069236
4228250,10.884828349944629,7.573488040167981
4226675,1.1433460076045627,0.9677712537943557
4226689,2.558054613423118,0.7097384477135806
4228245,1.3582866452099973,2.5684597156519104
4218843,4.796281325788197,3.4529594226596165
4218845,1.0274705672493756,0.43765207491869434
4218971,11.591827148896195,3.1660850877245608
4219172,6.618343195266272,7.609120631296703
4219224,2.626587351060609,0.7913705235267144
4222867,6.846542150429077,2.5533528366829272
4218032,3.875409836065574,3.056444722260012
4218035,2.475379469102942,0.968492325523507
4214003,6.798225738315604,1.081634280809076
4214005,6.773540171572064,1.1434486943765385
4214957,1.9924698795180722,2.076098326462675
4216483,3.0429864253393664,3.1823122793425767
4216491,3.2921760391198043,1.6807081428465565
4216506,1.388646288209607,1.3194814957476457
4216510,1.5773340339814328,1.6402232429045969
4216518,1.2557389734330668,1.2741284688486954
4219374,3.294536817102138,3.285857348497925
4219636,2.091025641025641,2.5383058097790347
4219650,1.6733668341708543,2.0142771910288118
4226183,3.0205128205128204,2.3857675738642876
4226354,1.7806691449814127,2.203460846247093
4218083,2.2799339388934765,2.5757078981278325
4218086,5.445035183737295,2.608563208368423
4219137,1.0660340055357849,0.6247094448624443
4214769,3.8139741741557525,0.7190058418079257
4214785,2.5312800769971124,2.8918147066989355
4214789,1.9675767918088738,2.4159537856951894
4214793,1.9625595643294758,1.5842444080627278
4228141,4.394089574155654,2.78252655937921
4228229,1.8089003961571781,0.5263355655432426
4218069,1.2194088466308393,1.1035286247538978
4226361,2.7693370165745854,3.0421712045512947
4226681,7.5281421459976015,5.511385145866206
4216480,4.325503355704698,3.098725747254847
4226416,6.480851063829787,2.8855205878531542
4226421,3.174454828660436,3.0134161053309767
4219681,1.388306816711939,1.223889259680973
4214915,2.48773628098633,1.8903999003274314
4214928,5.801245965623358,1.7171087639447757
4214931,7.716288242191664,2.700195643628057
4214934,5.0640217391304345,2.023334947236211
4221328,4.846164072592277,1.2303365630647278
4222883,6.53632419822016,3.444334736510058
4219124,8.35261635550881,1.6312054771771358
4219129,7.375,7.8042801585478365
4219360,5.909111542111996,4.980092081137443
4219370,5.6268732753130974,1.5851624323801388
4224133,9.689804772234273,7.916955373840786
4224138,2.0219462530480907,0.3590379381891791
4218102,5.914921563282198,0.43538460733841217
4219363,10.29081785251404,5.856934403019251
4219367,5.963820507990785,1.8358166291824123
4222989,6.423020167240531,2.9243791540061808
4226542,2.8267929634641407,3.0289155647537935
4228106,14.36754995530694,5.688373893526029
4216494,3.9094076655052263,3.0851135202958107
4216497,2.7581395348837208,3.0357737267564717
4216500,1.7410852713178295,1.9921400748943618
4216503,2.6836573830793484,2.2745781133204352
4223056,4.058857164639957,0.558242901052831
4214172,6.1029126213592235,2.4714076139534007
4226128,1.2284565916398713,1.243786045594437
4226131,4.629320771532242,1.2330597571376858
4226221,3.163873370577281,3.234928999243631
4214078,3.3149122807017544,2.3886818573634234
4214089,1.2036363636363636,0.40270162036093576
4218675,1.9038159958180867,2.3473024126494773
4218678,1.924899744804958,1.9078792959041264
4218682,1.050086623742663,0.5896034729507998
4219160,1.0399662652860422,0.4500495204450737
4214717,2.063327032136106,0.9662338404593501
4226475,1.4582392776523703,0.4982529900251524
4226492,2.970674486803519,3.14820003727309
4226531,1.0672534913245875,0.5817917350770869
4218955,1.0197542207419317,0.36947410532986824
4214366,3.0161290322580645,3.1698780656505776
4214051,6.326086956521739,2.98586778461828
4214054,1.956419316843345,2.3835388352077795
4219154,3.219972613458529,3.1144898625776882
4219156,1.1154780620265827,0.7144320053440746
4226464,2.68,2.9895819105687615
4226503,3.1176470588235294,2.8673076722244564
4226520,3.9995818105783743,0.46403772794632653
4226606,1.0212672156876577,0.35658238832382017
4214101,6.927007299270073,2.5218317884604673
4214272,2.5472972972972974,2.2922739195883888
4214382,6.770992366412214,2.6631923835309914
4225969,1.0754836951585067,0.7191399696430918
4225971,1.116505959343682,0.48703763738236044
4224499,1.073512943811343,0.710798244908114
4224513,1.1183450332360068,0.48686242376416244
4225965,10.41436826470652,3.5506439319880365
4225999,2.867954070981211,2.5090225891363898
4226003,12.205813953488372,5.509741647268911
4226008,2.424670735624799,1.9782454243707661
4226010,7.168877385959236,2.2643086138409
4225986,6.25654277025856,1.8365419227456907
4225956,7.856625633598841,4.914225303854096
4225961,2.1973723499552107,1.3733522526567572
4218147,9.384345208228801,5.460141186955142
4218155,5.800453514739229,2.3927200826088244
4218938,13.787471468425057,3.4022676379180083
4219761,6.003018542475205,3.0988444528138572
4214240,1.143453544146385,0.8825765812452028
4214243,1.2054783890742609,0.916126153189773
4214358,1.0488298354220142,0.4830836750674458
4219698,4.14119066773934,2.255095426003043
4219667,6.6438665912945165,2.704563063375196
4214269,4.991666666666666,3.123822000192857
4214279,2.6770833333333335,2.987804348746559
4214295,1.8416523235800344,2.097220525065543
4214307,1.0536621224271585,0.6085634393795982
4218694,3.0503788775751834,0.4613352255546559
4226108,7.513064133016627,7.847897602980105
4224496,4.882877858337981,3.290151976433011
4225982,10.801010637289293,5.981978988955847
4226253,2.4518072289156625,2.818948853302974
4226256,3.8761121267519805,0.6995313114352913
4228089,2.061913980943704,0.769439100590368
4226539,4.3138297872340425,3.495045157344704
4214161,1.4402277039848197,0.49641441621801435
4214170,2.1732209737827715,2.6145935368916353
4214186,1.7938628158844765,1.8112460226224592
4214197,1.1256175017642907,0.6136762234178331
4214200,2.446963336132102,1.4502863197435183
4226124,5.403673163418291,1.4956513680056798
4226205,4.5171151897308865,1.2630870369342342
4219109,6.951417004048583,2.498110220198738
4214955,1.4320323014804845,1.5831879313191286
4228097,13.680629652182606,4.846475912212535
4228224,16.52253573188763,1.8186129758870613
4218975,5.462603878116344,3.3548225313791176
4218977,1.036503683858004,0.48934429194050694
4218981,3.450326797385621,1.9606796268350328
4219687,8.5994539559752,2.8844946050882263
4224205,9.846153846153847,6.146871047015635
4224213,3.3194444444444446,2.442826168878585
4224255,1.0392217418159357,0.5207310745520705
4224259,1.024375380865326,0.3824493568058949
4226113,1.087594696969697,0.45925955709161326
4225977,7.021946691420236,6.420170358464945
4223059,3.0554212011285773,3.1666643067203366
4224251,1.159862885634154,0.516776914591365
4226093,11.676592058343575,5.116774715619511
4214203,6.350318471337579,2.9709125794319386
4218130,4.263888888888889,3.4920268531627854
4218139,3.6082474226804124,3.3844907062723437
4218733,1.0181443298969073,0.33626305944642126
4218744,2.953182656826568,0.47407320716417206
4218787,9.58970099667774,3.9644718169856317
4218792,2.1569858712715857,1.1553584211979582
4214446,5.566037735849057,2.5588133597229783
4214459,1.200832357913903,0.9657467339746048
4214518,1.0157745919936505,0.30724373746167877
4214531,4.8390984811366975,0.7304062956935808
4214594,1.016135705419942,0.3107311885381794
4214638,1.0164660859056347,0.31388753312080714
4226307,3.981677817807514,0.4127083951294036
4214134,6.486486486486487,2.8816438778944575
4214138,2.357615894039735,2.7677048871816146
4214096,6.469635627530365,2.893187773851383
4219150,12.911931818181818,3.7520842423512546
4214144,5.127475247524752,1.6900517192511486
4224270,2.11115610447459,0.5274362189904733
4224282,3.293103448275862,3.285331142128048
4224286,2.1666666666666665,2.6087459737497536
4224482,1.3658536585365855,1.4357134295377043
4219632,2.624877571008815,2.955319927908677
4226163,3.1214574898785425,2.5422393419335334
4226173,2.764,3.0391288225410875
4226176,4.6568040249161475,1.2043158061817156
4226614,2.0120036934441368,2.433386575010152
4214728,6.976923076923077,2.439941312709696
4214731,3.2667617689015693,3.275534073301216
4228079,5.7971473851030115,3.0995206585321133
4228084,5.152228065319679,3.6524396783947823
4214217,4.427586206896552,2.9959624038573947
4218177,9.63495575221239,4.139198821746575
4226515,1.019997916883658,0.3458143788538527
4228272,15.826567897005509,3.7279484502476303
4219060,7.902857142857143,0.8083442386528563
4214106,4.28995756718529,1.399918515878347
4219670,5.863035430988894,2.3502788718751875
4219043,5.524193548387097,3.048682457691181
4219045,1.036058353977429,0.47342720783663284
4214151,2.3975044563279857,2.7981266034329946
4226389,3.9111617312072893,3.4002329102581252
4226407,1.39196675900277,1.2082778931351335
4218948,1.021435531016564,0.37913477974510035
4218037,7.489881367759944,1.7610390100331947
4218045,1.4077669902912622,1.5382372071767578
4218819,2.022604951560818,2.353232276798305
4228232,5.9091482649842275,4.769310232595056
4224313,5.464006791171477,2.383904340546807
4224318,6.652453078696082,0.9329980821656455
4224334,8.805356815263254,2.0380027156451144
4224505,8.754515050167225,3.266215735840302
4226119,7.271906532129581,2.1344584390955434
4214553,1.4615384615384615,0.49851851526214297
4214564,2.4408233276157802,2.830157492421335
4218918,1.8417857998562415,0.5267068897527616
4218922,1.0212056952438655,0.3846949248382073
4223073,6.640203562340967,2.7682886123946684
4219664,3.4315713251267197,3.2975517535201226
4218051,8.65847511027095,2.608562014664718
4214000,6.116196520289348,1.725283291896437
4214001,6.913069820739433,0.5965654370476977
4225937,6.628865979381444,2.7388747317961415
4225990,5.805491990846682,2.3958711716176215
4225994,10.564516129032258,4.965269598443232
4226103,6.745819397993311,6.606898764557278
4226080,15.991360626128838,1.8777069201911616
4226085,2.0158975425667847,0.39836287323910385
4214183,1.044030482641829,0.24469029467277786
4226351,2.194833153928956,2.611503738304109
4226583,3.329181494661922,3.2983608091835395
4218913,11.471347545472325,6.610212221718716
4219070,5.7431927389215165,3.2406978633378745
4219072,1.0465666929755328,0.5126029892715919
4214662,3.956175298804781,3.4574925443693925
4216513,5.739393939393939,5.029585564022322
4228271,12.814255453325357,5.926209125657227
4222898,5.96259204712813,3.077221610392184
4214210,1.8652482269503545,0.8440014298333194
4214329,2.0863013698630137,2.5215680633719355
4214333,1.262952101661779,0.7062532344257499
4214304,5.629451540195342,1.0625959097116398
4214123,4.477987421383648,3.4999307773701256
4219104,5.94160817485552,1.5842217493814224
4218942,5.515930113052415,3.335063404218086
4218944,1.0441176470588236,0.519079962577587
4219139,9.450730350104335,5.540981526848034
4219144,2.027656794425087,0.6263465611098055
4224142,11.763106796116505,5.0143675184367895
4216486,7.383327266108482,3.4693182403855394
4226633,5.7804981677200065,0.7630280331519566
4226648,1.0224610941761592,0.3664178820765987
4214470,1.0213145737085259,0.38567824012679514
4226364,4.856481399975353,0.8008951301516244
4226240,1.9181141439205955,2.2066321006606375
4226484,4.999867200394605,0.2535625420832924
4226617,5.023965492915163,0.22042267904427418
4218110,6.633561643835616,2.7745116168352113
4219708,2.0708215297450425,2.271407110126466
4213983,1.113821138211382,0.8853206853880352
4213987,11.25756186984418,9.613074712142984
4213988,14.881278538812785,5.423150629375973
4213990,14.805631244323342,5.5040572176293105
4213992,14.805631244323342,5.5040572176293105
4213994,14.743218806509946,5.5691505403025
4213996,14.743218806509946,5.5691505403025
4213997,14.743218806509946,5.5691505403025
4211960,1.9566003616636527,0.8515047936013678
4211964,56.173598553345386,52.21979100305786
4211971,6.15370705244123,2.0884314526134418
4210567,6.15370705244123,2.0884314526134418
4210569,6.15370705244123,2.0884314526134418
4210570,1.8860759493670887,0.5392761621301415
4210811,1.878313618441007,0.45413859495408804
4210820,1.1383755908895574,0.974413327121948
4210823,1.106636060100167,0.8573687487816896
4210806,23.216878816417047,10.703788769792965
4210803,14.352321634766787,2.134721049010197
4210829,8.708414872798434,4.314349110883488
4210832,2.7649769585253456,2.1712552644570073
4210839,10.512672811059907,6.560324521930258
4210843,6.801231987680123,7.962925768857458
4210848,2.0275662340448353,0.5272694092302057
4210857,2.9444444444444446,3.1353224576716543
4210860,1.3943161634103018,1.4245137600032396
4210320,36.421184894488626,45.71373605733427
4210324,24.758972540139414,30.693857230748883
4210328,1.5181328114512609,0.5890681332869423
4210334,1.2216640456636962,0.5182134425202422
4210340,1.0141454965357968,0.3143539099140937
4210376,1.1024842218342956,0.4215530829346167
4210406,1.2880550461171871,0.5483250735730234
4210441,1.2961429358858878,0.547129021478847
4210463,1.0182027182365272,0.3553537319572589
4210412,62.728600612870274,51.80582564574336
4210417,1.775261044176707,0.5172665569045868
4210438,11.785681207742892,3.58966783076042
4210361,1.7968089821243907,0.5134807129853012
4210398,1.0163707322886253,0.3381229438306105
4210429,3.338870431893688,2.7842910165677113
4210460,3.0719041278295607,2.6993408420367357
4210356,54.53635121663036,44.08111293181262
4210336,26.814070351758794,43.338107490050476
4210373,9.27535853976532,4.704050277949061
4210408,67.78373382624768,68.99640167858145
4210400,5.842465753424658,3.2323034667063544
4209833,18.24390243902439,34.01676809457708
4209856,130.43366903772565,86.36618339052868
4209866,1.9846317824653597,0.34531046247951286
4209869,1.016485141195604,0.3384269984637563
4209871,1.1982605608803691,1.1610017356590245
4209895,1.01966905292806,0.36958403123924766
4209904,1.0195283370618942,0.36832662861816035
4209915,1.0110987791342951,0.23998014209526428
4210256,15.409991606758384,5.341311095115508
4210260,1.2235027021691385,1.742503525334715
4210267,1.0290919634659064,0.4503303253424289
4210264,1.094653616858482,0.5452102615824751
4210269,7.002838221381268,2.443106937754795
4210283,1.0245261106627561,0.413619685864942
4210280,1.0943652913822104,0.5068296889144263
4210276,1.5152015323796715,2.6259415708443914
4210272,15.945774958980184,5.604117918609551
4211948,6.827510917030568,0.896832566105595
4211949,1.998917748917749,0.3707353721706082
4211955,6.764705882352941,1.0027582914643856
4212832,7.154162384378211,5.407626189891764
4212833,7.052361396303901,4.517173432591622
4212835,6.828220858895706,1.0005832165828326
4212837,6.828220858895706,1.0005832165828326
4212839,6.822267620020429,1.0172538920958603
4212841,7.125638406537283,5.575331123426509
4212842,1.9816326530612245,0.3220935783580507
4212854,10.26197757390418,3.171880748977746
4212924,46.0716956992422,46.68629987873124
4212931,18.062093227792435,19.831720728911026
4212934,1.9996875433967505,2.4681486972074835
4212937,1.0961733722553624,1.5740339156956604
4212939,3.161290322580645,6.536060223607007
4213018,1.4256787850897377,2.530190202173956
4212900,2.1877979027645376,3.6695619951928546
4212911,2.0270935960591134,2.3741299968130924
4212967,1.2322326025961212,1.613646442177929
4213003,6.221556886227545,1.9404339214851332
4213014,1.8980263157894737,2.270983162778449
4212906,12.323030757689422,10.33682928787789
4212916,37.48463259050617,38.97395082137018
4212896,10.736891828058573,8.160137006807844
4212913,11.172141503474416,7.740524802623328
4213072,3.0,3.1622776601683795
4213083,1.375,0.4841229182759271
4213196,128.33568342696816,61.07639302491887
4213214,81.22862533036091,69.2439592066495
4213221,56.717742604684034,46.34535505308381
4213224,2.0467779224129683,1.2936152572004447
4213254,1.020612065547065,0.3771986193345178
4213190,1.353591024492609,1.8415637982572042
4213204,1.0407220201199854,0.9747958655932432
4213229,1.0440199086951647,1.0261598001330212
4213237,1.2106832790484496,2.032623579907018
4213239,1.0340711238340214,1.0371852773695522
4213210,14.158636715724246,5.859305177704917
4213226,7.503409896884718,1.7942025818635094
4213201,7.147146182869069,2.287992695820719
4213231,7.968153376052883,0.4686405329935931
4213234,1.226956255199895,1.2396629679749191
4213184,7.912083415639021,0.6488078449923189
4213187,1.3200616191685575,1.4432287946070157
4213273,7.090414932812562,4.029109760587229
4213299,9.184280936454849,8.441233231162263
4213303,5.115962736469109,5.334320556734878
4213206,39.03286441618609,47.471488499592525
4213217,14.96654618811465,4.462490042687447
4213307,10.503700962250186,5.834361288698875
4213311,13.32992056487202,10.700416786796726
4213315,6.197710396039604,6.4920377512499705
4213288,1.3472962680883473,0.8958025593002193
4213291,3.1394266567386446,2.8783530233405754
4213285,4.106741573033708,3.4752262402156133
4213295,8.060930640913082,4.8803750821541225
4213268,11.344963715364988,7.389736108071636
4213251,1.0202988344429802,0.37599431069657313
4213281,3.7555007464139676,2.142395829235492
4213256,7.503544883770088,1.7018062815254114
4213260,2.016013884970204,0.3370489892144681
4213323,10.168354872511351,5.474127153566709
4213264,6.000294031167304,0.13099367960407662
4213248,7.994286579893563,0.19387893671988662
4213276,10.984327217125383,5.714551594799768
4213327,6.392774788624135,2.9369877538241504
4213347,1.0469348659003832,0.571262793874757
4213361,1.0210325047801148,0.35190995515083817
4213670,1.0180780209324454,0.3032593599433133
4219728,6.825486888514032,5.254165712521084
4214262,2.7928730512249444,3.055440652469947
4218860,6.928571428571429,2.455730491095871
4218863,1.3674698795180722,0.9957268258630773
4218802,5.583847863670042,3.2965620315008968
4218804,1.021957340025094,0.39143231266043627
4218886,3.3608052496941387,2.0004322681007745
4214165,5.929368029739777,2.2972894910781423
4218166,5.811764705882353,0.9761161653031343
4226433,3.7798594847775178,3.3734418006138758
4226450,1.546995377503852,1.501317675473942
4214141,1.8,0.3999999999999993
4226339,5.753046836250266,0.8594676558539124
4214022,4.117525773195876,3.4790391584215636
4214485,5.303448275862069,2.702040449762403
4214498,5.833944513290003,0.8737288081283285
4214775,3.3846153846153846,2.6894872948067925
4218839,12.114688128772636,3.1896660278996682
4214326,2.7311827956989245,3.020146635143483
4214528,2.816793893129771,3.068683300993246
4214542,2.788546255506608,3.053019174597432
4219616,6.418803418803419,2.9125115200661957
4226243,4.642651296829971,2.92445160297071
4226190,5.5,3.2126262997640236
4214761,5.170648464163823,3.2292749938086094
4214495,3.1885856079404467,3.245025776831223
4214154,3.1150143767970997,1.0333352889531695
4214175,1.2224264705882353,0.6360586315967404
4214920,6.541666666666667,2.842815017235971
4214362,1.7682119205298013,0.42197436614765615
4228080,6.430581419408235,2.1079377665396777
4219049,5.3,3.3181320046074108
4219091,4.94322933081206,1.2302914676299166
4219620,5.918717375093214,0.8781633747008815
4219058,1.0451306413301662,0.5602479045246892
4214944,4.25426944971537,3.4913631287302067
4214951,2.4661776691116546,2.84843232785683
4226394,5.921474358974359,1.425023753507453
4219117,7.82235874816215,0.9687416522675333
4219120,1.0373079365079365,0.5023423139784914
4219187,2.053873552983081,0.9169622746005055
4226347,3.3380281690140845,3.301487765234826
4214265,5.0864864864864865,3.4505120781079333
4214354,2.373029772329247,2.779567889187502
4214113,4.196969696969697,3.486857128625344
4219011,6.444444444444445,2.9101779674908426
4219031,1.0442401608733123,0.5547287033127907
4218720,4.775982767905224,2.8627562994935642
4219165,4.662766526103225,1.9068898865249784
4219167,8.236130174894841,2.0273939489811568
4214614,2.1934426229508195,2.63245001213318
4226586,3.956233187031007,0.7186109888907273
4218089,4.655940594059406,3.4965243501403585
4225973,13.994891443167305,4.845862587057131
4226098,4.833585476550681,6.759281667249668
4214350,4.0215827338129495,3.4671482401844416
4226283,2.8582434514637907,2.399909602025928
4219628,3.3444055944055946,3.172530728000675
4214758,1.3776256785461412,1.5795930525129653
4228077,3.7574159525379036,3.24709992514633
4226213,4.574612129760226,1.531342557086214
4219216,10.982062117050496,4.768145965285002
4210870,4.631410256410256,4.714479938243445
4210882,1.9355555555555555,2.2993386059237477
4210309,1.040556199304751,0.5312707312013455
4210423,7.328,2.0621386956264662
4210330,38.85459649122807,53.399091078361344
4210395,3.073170731707317,2.6447393149460625
4210402,40.37227955201252,45.78856904959482
4210391,22.633766233766234,37.627613549093084
4209862,110.62023080546396,78.03973335212676
4212920,35.583415597235934,49.12134381252915
4212974,5.6157407407407405,5.635305298679768
4219063,5.473684210526316,3.3145361039650076
4218992,6.596774193548387,2.7324789490636476
4218998,3.7886178861788617,3.426942586057633
4226528,2.9807407407407407,3.1530701392698166
4219203,5.683168316831683,3.1932189695526674
4226425,3.536321483771252,1.0292450416153966
4226445,2.444319775596073,2.1889815544151148
4214377,4.588983050847458,3.498868676681348
4218759,5.8,2.3999999999999995
4224147,5.915811644721446,0.587598237501612
4226137,2.7860262008733625,2.2394978420320757
4219099,3.3598962078344328,2.597369926677862
4226553,2.002217294900222,1.9294644907527023
4226564,2.1543478260869566,2.5559144132213527
4224164,1.049194902696829,0.5133312127252168
4224175,9.332198340072356,3.250106433051633
4224194,2.014895729890765,0.3390748615270746
4214057,5.767541766109785,0.945228651125982
4219112,6.301282051282051,2.9031809958743513
4219656,6.839590443686006,2.5913091495832887
4214755,2.111220958971824,1.550433307990588
4226629,6.724299065420561,2.70231265170581
4218816,7.103448275862069,2.1130926442507545
4214228,3.447356529597831,0.9879337632221383
4225952,6.7272727272727275,2.6998622554395455
4219096,3.4133858267716537,3.172590838835873
4226372,4.425882352941176,3.4992151369120617
4226197,3.234126984126984,2.9060599710438964
4214127,5.637784090909091,1.2961015317698001
4214709,10.566248256624826,3.3976575752039775
4226279,6.5,2.8722813232690143
4219022,1.0236623697686738,0.4049903351236164
4219026,7.561474140600805,2.266609482332207
4219039,13.25433789954338,3.863855090424257
4214031,1.7971014492753623,0.4021575920438115
4226411,6.502222222222223,2.7424635226087277
4214259,2.528688524590164,2.6010710123293084
4226381,5.8974586288416075,0.5879726187228189
4214948,4.4,3.158058475287211
4214750,6.087662337662338,4.443232529876824
4219115,4.921745365154154,0.6297787468601557
4224156,10.72636815920398,4.842776971922431
4224339,6.926514225868389,0.43459703581388415
4224355,9.850746268656716,6.0204966605835795
4224360,5.708609271523179,2.145654484117157
4224444,1.3906976744186046,1.4803855490092837
4214779,5.333333333333333,3.209833376209797
4218080,6.677777777777778,2.739942326147995
4218191,3.55718954248366,2.6392581542161553
4226180,6.946601941747573,2.502826190257146
4226638,4.160714285714286,3.483516212691087
4218042,4.090909090909091,3.183016757268203
4219014,5.296296296296297,3.1542424671921037
4218066,7.648736097067745,1.498557081567215
4218897,1.042938659058488,0.5465591321784828
4218752,6.9504999504999505,0.49382384654006783
4218891,5.934902840059791,1.5599217232883378
4226461,4.157777777777778,3.483228954665095
4214912,5.445229681978798,3.195569514690298
4218773,4.999242883101151,0.26762414951778896
4214539,3.996,3.463521906961181
4214093,7.186721991701245,2.243106091853173
4218185,6.659574468085107,2.754312639624468
4214251,5.296228672165208,1.4966487379836007
4224180,1.1956593770709079,0.48365022557869486
4224243,8.288461538461538,5.978604604567146
4210800,8.8268156424581,12.055651050942942
4209747,6.8753894080996885,0.8556493158929974
4209749,6.8753894080996885,0.8556493158929974
4209751,6.8632124352331605,0.8955526510073222
4209753,6.863354037267081,0.8950998029640759
4209754,6.845201238390093,0.9512254796121941
4209779,16.436159346271705,2.845486356288138
4209788,1.9783505154639176,0.3282966988864392
4209791,1.0071501532175688,0.2236066810986354
4209796,1.0212981744421907,0.3855302956458323
4213011,4.247747747747748,6.310071269951253
4212989,4.025714285714286,3.4453979954337295
4212992,2.529255319148936,4.71182255458295
4212995,1.9516460905349795,2.3523754228209826
4219081,8.58921237565027,3.546018735585272
4214190,6.564102564102564,2.826566929132451
4214193,3.044392523364486,3.18295568206076
4226260,4.03030303030303,3.0795990341606103
4218857,1.2652043868394816,1.336449528069596
4218048,6.355263157894737,2.931022577838757
4218725,1.0301407267380802,0.4583411652450878
4218729,1.026836597243809,0.43259216099585107
4218880,2.9583333333333335,2.936539441057943
4224235,5.9921383647798745,0.2578760158591669
4218883,6.352941176470588,2.9692775209703473
4224119,6.715277777777778,2.694292306701448
4224274,5.485363716038563,1.4103056195214687
4224301,1.136919315403423,0.9693752157412633
4224305,1.0285908781484003,0.4464512389113905
4214937,4.094302554027505,3.476407568501063
4218824,7.426008968609866,1.7660591125885936
4214224,3.3690280065897857,2.536500503610627
4218716,6.484536082474227,2.882987432743644
4214041,6.808510638297872,2.6307372793317154
4224456,1.5128205128205128,1.6774797162867792
4218039,6.815789473684211,2.6243321271465136
4214025,6.945945945945946,2.503467281493926
4214583,3.4094955489614245,3.325778110798288
4219147,6.416666666666667,2.928547231800932
4226479,5.976958525345622,2.2564651535229383
4226495,1.0792159679431443,0.6414559449996899
4226201,6.665116279069768,2.7499584538874546
4214085,7.049382716049383,2.3980508266316396
4214646,3.437325905292479,3.3347749202063923
4226088,11.580645161290322,5.676441753564995
4226153,3.0257400257400255,3.0633561392512574
4218672,3.9142156862745097,2.7671025889535024
4214625,4.174089068825911,3.4847929730388953
4218056,4.90814664760089,0.540946850896168
4210456,17.871046228710462,31.58159268037326
4210089,6.25,3.031088913245535
4210247,1.0356234096692112,0.4980911968385073
4212870,9.0,8.0
4212977,12.861671469740633,4.598383449365597
4212985,2.136190324886806,2.353280704233576
4214442,4.181818181818182,3.48550718412379
4214456,2.927536231884058,3.1268766681726747
4226291,4.605836974062266,2.2001902970251077
4219639,5.3993993993994,2.1080995525266477
4218984,7.024420024420024,1.5428402520545446
4218995,2.0056089743589745,0.3376650480961812
4226672,7.662144235407622,1.1083921569555082
4218776,11.446898405991934,6.581265310270124
4218781,1.9201785254484594,0.466522923552435
4214323,4.2803347280334725,3.493099936774197
4218689,5.71304347826087,2.462819936899132
4219122,4.258346403764284,2.918457360815226
4219163,4.304075235109718,1.2437992940964557
4214575,4.234285714285714,2.396895951868094
4214430,1.0394483257046494,0.42965543293927305
4214180,7.4590818363273454,1.6535881131628785
4214704,6.701680672268908,1.2295714354345197
4210825,6.3023255813953485,1.9233556398265428
4212902,13.044600938967136,10.029317655462751
4224128,12.311025359714499,3.2051643848635023
4219086,7.788235294117647,7.896528079437353
4219066,11.146638054363375,3.7433239762503367
4214236,2.216666666666667,2.340168559930862
4214017,5.999721997908365,0.137058094224687
4214132,4.335378323108385,3.496126385515466
4226150,2.944,2.3573001505960116
4226357,2.5384615384615383,2.0044329570454424
4218764,1.0286589762076424,0.42337164681961853
4226625,2.1625874125874125,2.6050916291380823
4214116,4.3559647103950905,2.185461670094254
4214567,4.808674698795181,1.4242383473571858
4214586,1.9427168576104745,2.0290424442618034
4226511,2.9444444444444446,3.135322457671653
4218960,4.3188759926695175,2.576685412782981
4218968,2.0165165165165164,0.3997339924777677
4214083,4.035269709543568,3.4690093336761425
4214420,7.014814814814815,2.434277397337437
4226229,5.599364069952305,1.7089680899993238
4226663,3.116013071895425,3.214744186220064
4218174,4.1795332136445245,3.4852978407652735
4224347,3.5319148936170213,3.363452278061851
4214941,4.089358306107689,0.4687620562789816
4226237,4.155606407322654,3.483014937281039
4226556,5.931818181818182,2.295229511921763
4224122,6.6434108527131785,2.7669098135774832
4214342,5.77553830379376,0.7548131671796758
4226453,3.059381436161927,0.6715258174434869
4214028,7.200913242009133,2.2259981264906115
4226640,5.4324324324324325,2.6359319654565607
4218162,4.111111111111111,3.47832796499969
4218828,5.834077079107505,5.402844173434458
4218833,1.9952811639795518,0.431707951506938
4218927,8.495440729483283,1.3280274939181562
4218987,8.70794162413824,3.7053402764677914
4218078,6.4361702127659575,2.9156894394289976
4214400,6.8493150684931505,2.594362871487143
4214404,3.420059880239521,1.8311718694803025
4228264,7.382810946922007,1.1411591650732331
4210434,6.470605187319885,17.934611472868305
4212240,14.9265850945495,0.7956742170427348
4212247,2.0211581291759466,0.3412899601666231
4212250,1.0155210643015522,0.3292514945657912
4212331,16.633802816901408,2.240237119886689
4212334,6.882990249187432,0.8296789879767846
4212335,6.883116883116883,0.8292388306672263
4209744,6.811654526534859,0.8886552113177933
4209745,6.887617065556712,0.8134295806679864
4209906,1.2556225365175053,1.3130174692083936
4214283,4.785834738617201,1.4105128125167208
4219190,6.464912280701754,2.8963977159822862
4218685,4.489130434782608,3.01984222600176
4219001,2.884020618556701,3.0781408097966594
4214556,5.5886075949367084,2.538637496707463
4214545,6.153846153846154,2.0882879939228016
4226602,3.048780487804878,3.184958701054713
4226467,5.99601593625498,2.239625053935643
4214473,5.646616541353383,2.5077188769360608
4214490,4.007383290178685,0.24154763800469792
4214451,4.799491853947299,0.708126757870049
4219705,7.835765418502203,0.9569526005884821
4212927,86.98749255509232,64.92807555626445
4212960,69.34231041814316,64.2181327847632
4212964,2.606356968215159,3.109699107246679
4214315,5.627041306436119,1.1667313501583947
4226334,2.06648711345273,0.5615293806141116
4226402,4.242647058823529,3.490525671538297
4226545,6.052631578947368,2.187853651665952
4224297,1.2157622739018088,0.4113501125106537
4210352,21.71076099881094,37.89805608091531
4218740,2.9852820932134096,1.095495526150173
4214434,5.246329526916803,1.1365241661116892
4214395,1.4682539682539681,0.49899117173390867
4214412,3.5121951219512195,3.357713734507901
4214630,5.739766081871345,1.6822422912793666
4225935,6.7534246575342465,2.678073433051578
4214923,7.081967213114754,2.362931507767526
4218875,4.088828405295064,0.4799868555921915
4214764,9.719557195571955,4.575196383123414
4214514,3.3659217877094973,3.3111729958442133
4212012,5.2,3.429285639896449
4212032,9.225,5.438232709253992
4212083,1.2,1.1661903789690602
4210561,6.263513513513513,1.820905204377996
4210563,6.463022508038585,1.6290418532444209
4210565,6.114315139031926,0.9521567580133613
4210878,3.026315789473684,3.174626725718386
4210897,16.1981981981982,2.9002013593337566
4210898,16.2595818815331,3.094426342577388
4211888,15.798013245033113,1.5618366755679072
4211903,42.05434782608695,15.609336761691416
4214467,1.9895698213103905,0.3849549986884103
4218849,5.800298919291791,0.42998115307448653
4212116,1.5384615384615385,1.8652854850741754
4212121,2.6470588235294117,2.969277520970344
4212127,19.411146161934806,7.160635604574287
4210889,16.86573146292585,1.3725070372010644
4210891,16.825396825396826,1.5990044773920975
4210893,16.66988416988417,2.0470103414332677
4210895,16.6549815498155,2.6888047076939467
4210363,6.6,2.800000000000005
4218871,5.82,3.1855297832542733
4214291,3.1083333333333334,3.03533587744238
4218900,5.702127659574468,2.3147528117377267
4226315,4.248243559718969,3.446372760644978
4218957,7.956521739130435,0.5499613322031974
4224388,3.019230769230769,3.171328189451086
4224399,2.548076923076923,2.905167172775972
4209901,2.0306705809641534,0.44764731257110135
4212344,5.0,2.8284271247461903
4212430,1.9591160220994475,0.4741812284007104
4212432,5.444444444444445,6.093915200356483
4212437,3.1333333333333333,5.4389541478323045
4211895,9.694915254237289,6.722727042735208
4212982,2.5195530726256985,1.915362130449153
4219036,6.173913043478261,3.0737623725449805
4214207,7.282051282051282,2.123720947779341
4214617,3.1315132645446826,0.5664735253923181
4214694,3.314814814814815,3.293225785884962
4214425,6.1118421052631575,3.1067611797015804
4224232,2.9679453494482395,0.47037549781196747
4210862,7.186046511627907,2.2439149131309613
4209764,9.954831932773109,0.6538973118483226
4226437,5.827272727272727,2.3793012377934186
4226567,4.848269581056466,1.375336260325226
4210369,11.040485829959515,4.347084807393781
4210292,16.84922394678492,1.5227376650004787
4210294,16.840531561461795,1.5893598817516579
4210295,16.832044198895026,1.6088397790055466
4212340,2.056353591160221,0.6360495887846965
4211916,1.8235294117647058,2.255328177962449
4213951,6.6,2.8000000000000003
4213956,1.2083333333333333,0.4061164310337068
4224433,2.981132075471698,3.153258668082765
4214387,3.889273356401384,2.4356469958920735
4214299,6.9689922480620154,2.4807412761127896
4209924,2.272727272727273,2.699862255439545
4210050,1.7813765182186234,1.0263617043287276
4210054,8.228729281767956,8.787588751462655
4219017,4.9410756374544675,0.5387881314479831
4218854,7.068259385665529,1.7105389835298404
4214416,1.8266666666666667,0.378535188442092
4214337,3.97195157956894,0.3739639692641616
4210419,11.41340782122905,5.33849089488774
4212265,8.442307692307692,5.1456234635272695
4212271,2.017857142857143,0.8554671119288205
4212274,1.11864406779661,0.9035663006957181
4212325,6.927868852459016,0.6538990616298102
4212327,16.799126637554586,1.7455618398674828
4212969,11.499021526418787,8.751153070321754
4212999,2.322141066172463,2.543242925096467
4219024,7.1776,2.0904684259753865
4218705,4.8321678321678325,3.0679621581760474
4219053,7.280189423835833,2.0093571076884027
4214481,4.1875,3.4860211918460853
4219019,7.659922304953059,1.2863363396923475
4212205,2.0,2.449489742783178
4212442,1.007891770011274,0.23490447004049364
4213028,4.644050104384133,1.3652490980718504
4224417,4.033057851239669,2.656455988368871
4224436,3.0,2.5447219408213466
4214670,3.054133777619971,0.4040973217181006
4210453,3.3333333333333335,3.2998316455372216
4209892,2.182098765432099,1.0445138009924713
4209897,68.97267865447218,90.3160462417726
4209859,7.569230769230769,1.6822076225029718
4209888,16.823211212195723,3.9698237468011186
4218722,7.93087064972087,0.584652132421098
4224467,6.011111111111111,1.0054788184347716
4224368,4.0,3.4641016151377544
4218737,6.714285714285714,2.710523708715757
4224262,5.605576841209025,3.0551248002454265
4218911,4.990034662045061,0.37799686230797164
4224452,1.3111111111111111,0.46294814791110356
4224464,1.7865168539325842,2.2106580956828417
4212317,32.80179171332587,6.453201080129225
4212324,6.928884026258205,0.6451107666214407
4214602,3.359550561797753,3.308983994960426
4213145,1.015963511972634,0.33390080876502487
4213156,2.0020964360587,0.20475430674312134
4213160,1.0073298429319373,0.22639605545625985
4213169,1.0294736842105263,0.4532627178720327
4213953,4.6923076923076925,3.0980047024003485
4218770,5.590909090909091,3.200271166196715
4210815,6.000806706183578,0.11314338520977857
4212948,1.0,0.0
4212950,1.0,0.0
4218893,6.638632611440225,0.6330350798885841
4218783,7.583448275862069,1.5313736809717193
4224350,11.533333333333333,4.499876541516321
4210288,16.92865105908584,1.066063967713445
4210290,16.92865105908584,1.066063967713445
4209947,2.021390374331551,0.7010856306555021
4209950,1.09,0.7084490101623397
4209967,1.0411392405063291,0.33025301900429466
4210001,5.820027063599459,1.4252049680278815
4210008,3.1538461538461537,3.230769230769231
4218142,1.9795081967213115,0.4384096677972095
4213664,1.8556485355648535,1.3729604492851184
4224326,3.978723404255319,3.4609638412917336
4219051,7.292730844793713,1.955990799596344
4209933,1.0,0.0
4209973,1.4,1.6248076809271914
4218767,7.16,2.2747307532980696
4224216,2.4340588988476313,1.3068587085492276
4218755,6.626361655773421,0.6521270739455485
4219078,7.9337579617834395,0.6663479839280814
4212094,6.5,2.598076211353316
4212106,2.5555555555555554,2.910177967490843
4210018,2.3846153846153846,2.5279502654084585
4210028,6.901639344262295,8.83554344189667
4210045,1.7188940092165899,1.990591388588718
4218836,6.6,2.8000000000000007
4210874,3.3181818181818183,2.6394965710832676
4224289,6.549019607843137,5.264185536778563
4209774,5.571428571428571,7.2280632232420094
4224495,1.8235294117647058,0.3812200410828151
4209769,15.0,5.291502622129181
4224391,2.970149253731343,2.8176954129944365
4224224,3.5806878306878307,2.4902131297643657
4218747,8.900341914722446,2.385179814423652
4212285,6.833333333333333,2.608745973749755
4212310,2.007795100222717,0.2927205815490404
4210109,1.9770992366412214,0.3595087584524169
4212257,7.0,2.449489742783178
4218908,4.373493975903615,3.497712999356484
4210381,5.5,2.598076211353316
4224414,2.909090909090909,3.117532399905862
4212007,6.6,2.8000000000000003
4212888,4.5,3.5
4212103,2.75,3.031088913245535
4212151,2.028725314183124,0.521598831540826
4219033,7.900943396226415,0.8267913979136119
4224380,5.705882352941177,1.1764705882352935
4218808,4.75,3.2691742076555053
4210560,1.5060240963855422,1.5186140424285326
4218866,4.625,1.5814681997013618
4224308,8.73134328358209,4.057725594660065
4212016,4.5,3.5
4224475,1.4864864864864864,0.4998173515920791
4212878,3.3333333333333335,3.2998316455372216
4213141,1.0010660980810235,0.03263374811303613
4224197,5.393362925385754,1.4464989618525934
4218953,7.370614035087719,1.8283622165453877
4209844,5.666666666666667,3.299831645537222
4211930,14.2,5.6000000000000005
4213116,3.076923076923077,2.644632836564782
4213978,28.308096740273395,6.501534855193125
4212001,2.4,2.8
4209997,4.616702355460386,3.9926028287620325
4213130,4.5,3.5
4213136,6.6,2.8000000000000003
4212221,6.6,2.8000000000000003
4210317,1.8235294117647058,2.2553281779624488
4218935,2.052790346907994,0.6227854738130069
4224487,5.103896103896104,4.9984874307400435
4212300,5.666666666666667,3.299831645537222
4210443,4.0,3.0
4209939,12.976076555023923,7.1734759923151
4209927,1.0952380952380953,0.8109231602822093
4210286,17.03828828828829,2.364503404379524
4213108,1.0,0.0
4218795,5.354838709677419,2.222297374148366
4210577,1.7777777777777777,2.199887763691481
4210588,1.8,0.4000000000000001
4210095,2.8333333333333335,2.3392781412696997
4209821,1.7777777777777777,2.199887763691481
4209825,1.1,0.3
4212014,5.666666666666667,3.299831645537222
4212356,16.289532293986635,2.6285907890469145
4212424,5.073825503355705,2.2597359620806254
4213020,6.955882352941177,0.3781687671017627
4218924,7.952542372881356,0.5744137563279466
4213024,10.003151260504202,0.569710366317849
4213358,4.5,3.5
4218920,7.389044943820225,1.822624107826262
4212269,4.5,3.5
4213173,6.0988433228180865,3.212866602608425
4212039,14.707317073170731,4.079956374940278
4212080,2.5652173913043477,1.918470562861757
4218951,7.631578947368421,1.5630781478860523
4212190,6.25,3.031088913245535
4212134,6.6,2.8000000000000003
4212138,3.0,3.1622776601683795
4213376,4.009667024704619,0.24724691793686177
4213635,5.757704569606801,1.0766365551629848
4213658,1.875,2.315032397181517
4210104,4.672680412371134,3.5564050003802614
4213113,4.5,3.5
4209964,1.9983388704318936,0.04072309193399051
4213367,6.6,2.8000000000000003
4213381,3.8,2.4819347291981715
4210076,4.333333333333333,2.9814239699997196
4210038,5.047904191616767,17.017007478160753
4224186,8.038990252436891,0.5944670153985693
4224477,6.478260869565218,1.6906280082803118
4212862,13.0,6.928203230275509
4224425,5.333333333333333,1.6996731711975943
4210888,15.868421052631579,1.0651332512683973
4224402,5.913043478260869,0.6536215816683854
4211986,6.416666666666667,1.6562172428626496
4209952,15.72289156626506,6.256203192498824
4209956,4.948356807511737,1.844204123521641
4209836,4.5,3.5
4209839,10.5,6.18465843842649
4213660,1.002120890774125,0.046004267154790696
4213164,6.833333333333333,2.608745973749755
4210032,2.06951871657754,0.6379121051741885
4213934,21.21578947368421,38.57851547112315
4213939,6.9936842105263155,0.1945632227463136
4209912,4.5,3.5
4210242,13.875,5.158427570490837
4224410,3.84375,3.4379261099534992
4212098,2.150526315789474,0.6151377567941936
4210852,5.792613352016815,0.7612825247647923
4210836,6.125560538116592,0.3313534206620817
4210884,8.0,0.0
4212148,8.0,0.0
4212157,115.4047619047619,134.37138646726012
4212179,3.0588235294117645,3.189515696876697
4212187,62.361930294906166,68.14658816339595
4212215,1.1324921135646688,0.9538818767519635
4210473,6.026402640264027,0.2282721645648925
4210476,6.0,0.0
4210479,3.0,0.0
4212231,8.0,0.0
4212234,2.0066964285714284,0.29497242120740574
4212280,11.4,4.862098312457286
4212290,3.7142857142857144,2.7105237087157534
4212296,9.13953488372093,4.693297523504339
4212306,15.287150837988827,4.397714265951964
4210285,21.587557603686637,1.3730225085168126
4211945,5.011363636363637,0.17801418366741598
4211946,6.994331065759638,0.13871639990214324
4211954,5.985745614035087,0.21154893720281498
4212849,6.001052631578947,0.03242720379105148
4213067,2.0,2.04322227903706
4213094,2.3561346362649296,1.0279417885441215
4213125,4.014541387024608,0.16659157805830363
4213148,4.135932560590095,1.1354358839950887
4213344,7.991570073761855,0.18343565982709326
4213632,8.0,0.0
4213648,10.67017913593256,2.466587269958928
4212196,3.0184804928131417,0.3293752270191005
4210432,2.0,0.0
4210469,7.0,0.0
4210472,10.018549747048905,0.4163520059850695
4209960,10.908485856905157,14.025883294819018
4209969,4.098591549295775,0.7066357140445096
4210061,14.142857142857142,39.54356935774792
4210083,1.1515151515151516,0.35855028988482507
4213053,4.5,3.5
4213057,2.4,2.8
4209908,17.23489932885906,8.822172541135773
4209984,6.766839378238342,0.9670953573248084
4209988,12.008810572687224,15.265056462572522
4210866,5.730964467005077,0.6971337866607117
4210014,6.933333333333334,0.24944382578492924
4210026,1.148936170212766,1.0101342528058914
4210080,3.3333333333333335,3.299831645537221
4213973,4.6923076923076925,1.0291606277122811
4212261,8.0,0.0
4224329,11.618181818181819,3.75374193470951
4211974,13.0,3.4641016151377544
4209930,3.5,2.598076211353316
4219076,5.333333333333333,2.98142396999972
4211981,8.0,0.0
4209815,8.0,0.0
4209818,2.75,3.031088913245535
4209828,8.40625,4.314650731809007
4211989,6.0,0.0
4211998,3.1,3.2078029864690882
4224375,6.3,0.458257569495584
4213930,7.642857142857143,2.7673386611157884
4210098,8.0,0.0
4209793,8.0,0.0
4210010,7.0,0.0
4212046,1.4166666666666667,0.4930066485916347
4213075,8.0,0.0
4210581,8.88888888888889,5.043024763515652
4210796,2.0,2.449489742783178
4213177,8.0,0.0
4212304,8.0,0.0
4212293,2.0,0.0
4213063,1.6666666666666667,0.47140452079103173
4212361,7.0,2.23606797749979
4210794,8.0,0.0
4212169,8.0,0.0
4224371,8.0,0.0
4209921,8.0,0.0
4212881,2.0,0.0
4213638,8.0,0.0
4212143,6.142857142857143,0.3499271061118826
4212009,2.0,0.0
4212941,16.114035087719298,15.862213055444473
4212945,2.1140350877192984,0.3178538759998844
4212130,17.0,0.0
4212193,49.03076923076923,65.96525174567154
4212218,1.2121212121212122,1.1999387801953532
4212226,7.0,0.0
4210304,1.2,0.4000000000000001
4210789,8.0,0.0
4212165,8.0,0.0
4212176,3.3333333333333335,3.2998316455372216
4212113,2.0,0.0
4213099,4.5,3.5
4213103,6.0,0.5
4213947,10.0,0.0
4212886,8.0,0.0
4212043,8.0,0.0
4210005,5.666666666666667,3.299831645537222
4211940,2.0,0.0
4213060,8.0,0.0
4212021,2.0,0.0
4210035,8.0,0.0
4210068,6.0,0.0
4212173,2.0,0.0
4213958,8.0,0.0
4210306,5.6,2.939387691339814
4211919,2.0,0.0
4211925,10.4375,3.8563057127255873
4213044,8.0,0.0
4213048,5.833333333333333,0.372677996249965
4210378,7.0,0.0
4210388,2.4,2.8
4212183,8.0,0.0
4210092,8.0,0.0
4212314,8.0,0.0
4212254,8.0,0.0
4213091,2.4,2.8
4212245,8.0,0.0
4210086,8.0,0.0
4211913,4.0,3.4641016151377544
4213087,8.0,0.0
4212278,2.0,0.0
4212210,8.0,0.0
4209786,4.5,3.5
4212140,2.0,0.0
4209783,8.0,0.0
4209943,9.125,6.584783595532961
4213963,8.0,0.0
4210065,7.0,0.0
4210072,2.2,2.4
4209993,4.428571428571429,2.9692299558323607
4213035,8.0,0.0
4213038,3.3333333333333335,3.2998316455372216
4213121,3.3333333333333335,3.2998316455372216
4213133,8.0,0.0
4211935,17.0,0.0
4212351,7.0,0.0
4213642,8.0,0.0
4213651,8.0,0.0
4209936,7.038461538461538,2.1390287017668204
4213655,8.0,0.0
4212109,8.0,0.0
4213371,8.0,0.0
4211911,6.25,3.031088913245535
4209759,7.0,0.0
4210058,2.0,0.0
4209803,8.0,0.0
4209806,1.0,0.0
4209809,1.0,0.0
4210115,17.0,0.0
4210120,2.0,0.0
4210128,3.0,0.0
4210178,8.0,0.0
4210574,8.0,0.0
4210042,2.0,0.0
